Type,X2012,X2013,X2014,X2015,X2016,ToTal,Percentage
Y,134322,138162,130428,140931,153025,696868,0.656964626
X,72325,68086,67482,74928,81050,363871,0.343035374
