Type,X2012,X2013,X2014,X2015,X2016,Total,Percentage
BM,73266,73739,73047,81144,89839,391035,0.800415524
SM,17177,17913,18660,20395,23360,97505,0.199584476
