Type,X2012,X2013,X2014,X2015,X2016,ToTal,Percentage
TH,45636,45042,42814,42787,41119,217398,0.117399348
SX,41195,42012,38451,38660,37051,197369,0.10658328
NN,29133,28716,26922,26560,25388,136719,0.073831045
TE,41079,40934,39048,37653,35702,194416,0.1049886
FT,42282,43125,41358,40970,39671,207406,0.112003465
ET,49404,49161,48042,47150,44738,238495,0.128792158
TO,64794,63190,60310,57956,54184,300434,0.16224048
TF,75700,73921,71128,70264,68532,359545,0.194161624
