Type,X2012,X2013,X2014,X2015,X2016,Total,Percentage
YP,76943,72396,66175,69619,72831,357964,0.883986141
NP,8702,9095,8830,9734,10618,46979,0.116013859
